title, img, type, com , bestPrice, OriginalPrice
,,[object Object],,,MRP Rs.302.40
,,[object Object],,,MRP Rs.271.50
,,[object Object],,,MRP Rs.271.50
,,[object Object],,,MRP Rs.271.50
,,[object Object],,,MRP Rs.271.50
,,[object Object],,,MRP Rs.645.00
,,[object Object],,,MRP Rs.578.00
,,[object Object],,,MRP Rs.115.00
,,[object Object],,,MRP Rs.53.50
,,[object Object],,,MRP Rs.167.00
,,[object Object],,,MRP Rs.555.00
,,[object Object],,,MRP Rs.289.00
,,[object Object],,,MRP Rs.302.40
,,[object Object],,,MRP Rs.271.50
,,[object Object],,,MRP Rs.271.50
,,[object Object],,,MRP Rs.271.50
,,[object Object],,,MRP Rs.271.50
,,[object Object],,,MRP Rs.645.00
,,[object Object],,,MRP Rs.578.00
,,[object Object],,,MRP Rs.115.00
,,[object Object],,,MRP Rs.53.50
,,[object Object],,,MRP Rs.167.00
,,[object Object],,,MRP Rs.555.00
,,[object Object],,,MRP Rs.289.00
